{
  "agent" : null,
  "agentCluster" : null,
  "agentClusterVar" : null,
  "agentFieldsRestriction" : "No Restriction",
  "agentType" : "Any",
  "agentVar" : null,
  "alwaysCancelOnFinish" : false,
  "autoCleanup" : false,
  "automaticOutputRetrievalFieldsRestriction" : "No Restriction",
  "broadcastCluster" : null,
  "broadcastClusterVar" : null,
  "commands" : [ ],
  "createConsole" : false,
  "credentialFieldsRestriction" : "No Restriction",
  "credentials" : null,
  "credentialsVar" : null,
  "description" : null,
  "desktopInteract" : false,
  "elevateUser" : false,
  "environment" : [ ],
  "environmentVariablesFieldsRestriction" : "No Restriction",
  "events" : [ ],
  "exitCodeOutput" : null,
  "exitCodeProcessing" : "Success Exitcode Range",
  "exitCodeProcessingFieldsRestriction" : "No Restriction",
  "exitCodeText" : null,
  "exitCodes" : "0",
  "exportReleaseLevel" : "7.8.0.0",
  "extension" : "ue_aa",
  "fields" : [ {
    "allowVariable" : false,
    "arrayFieldValue" : [ ],
    "arrayNameTitle" : null,
    "arrayValueTitle" : null,
    "booleanNoValue" : null,
    "booleanValueType" : "true/false",
    "booleanYesValue" : null,
    "choiceAllowEmpty" : false,
    "choiceAllowMultiple" : false,
    "choiceDynamic" : false,
    "choiceFields" : [ ],
    "choiceSortOption" : "Sequence",
    "choices" : [ {
      "fieldValue" : "private",
      "fieldValueLabel" : "private",
      "sequence" : 0,
      "sysId" : "6b06e66dfd4841caaa63b05d36c95545",
      "useFieldValueForLabel" : false
    } ],
    "defaultListView" : false,
    "extensionStatus" : false,
    "fieldLength" : null,
    "fieldMapping" : "Choice Field 1",
    "fieldRegex" : null,
    "fieldRestriction" : "No Restriction",
    "fieldType" : "Choice",
    "fieldValue" : null,
    "formColumnSpan" : 1,
    "formEndRow" : false,
    "formStartRow" : false,
    "hint" : null,
    "intFieldMax" : null,
    "intFieldMin" : null,
    "label" : "Work Space Type",
    "name" : "work_space_type",
    "noSpaceIfHidden" : false,
    "preserveOutputOnRerun" : false,
    "preserveValueIfHidden" : false,
    "requireIfField" : null,
    "requireIfFieldValue" : null,
    "requireIfVisible" : false,
    "required" : false,
    "sequence" : 0,
    "showIfField" : null,
    "showIfFieldValue" : null,
    "sysId" : "d4835685ae4b4fff954965ef0815749c",
    "textType" : "Plain"
  }, {
    "allowVariable" : false,
    "arrayFieldValue" : [ ],
    "arrayNameTitle" : null,
    "arrayValueTitle" : null,
    "booleanNoValue" : null,
    "booleanValueType" : "true/false",
    "booleanYesValue" : null,
    "choiceAllowEmpty" : false,
    "choiceAllowMultiple" : false,
    "choiceDynamic" : false,
    "choiceFields" : [ ],
    "choiceSortOption" : "Sequence",
    "choices" : [ {
      "fieldValue" : "Bot Task",
      "fieldValueLabel" : "Bot Task",
      "sequence" : 0,
      "sysId" : "c8e483c74d8f414f97e4a6e05465b1a1",
      "useFieldValueForLabel" : false
    }, {
      "fieldValue" : "Process",
      "fieldValueLabel" : "Process",
      "sequence" : 1,
      "sysId" : "e7650d6779d74aaeb192d2c7fcb63902",
      "useFieldValueForLabel" : false
    } ],
    "defaultListView" : false,
    "extensionStatus" : false,
    "fieldLength" : null,
    "fieldMapping" : "Choice Field 3",
    "fieldRegex" : null,
    "fieldRestriction" : "No Restriction",
    "fieldType" : "Choice",
    "fieldValue" : "Bot Task",
    "formColumnSpan" : 1,
    "formEndRow" : false,
    "formStartRow" : false,
    "hint" : null,
    "intFieldMax" : null,
    "intFieldMin" : null,
    "label" : "Bot Type",
    "name" : "bot_type",
    "noSpaceIfHidden" : false,
    "preserveOutputOnRerun" : false,
    "preserveValueIfHidden" : false,
    "requireIfField" : null,
    "requireIfFieldValue" : null,
    "requireIfVisible" : false,
    "required" : false,
    "sequence" : 1,
    "showIfField" : null,
    "showIfFieldValue" : null,
    "sysId" : "ae4ff1d88b3c4a329a6de7b5bfd22a05",
    "textType" : "Plain"
  }, {
    "allowVariable" : false,
    "arrayFieldValue" : [ ],
    "arrayNameTitle" : null,
    "arrayValueTitle" : null,
    "booleanNoValue" : null,
    "booleanValueType" : "true/false",
    "booleanYesValue" : null,
    "choiceAllowEmpty" : false,
    "choiceAllowMultiple" : false,
    "choiceDynamic" : false,
    "choiceFields" : [ ],
    "choiceSortOption" : "Sequence",
    "choices" : [ ],
    "defaultListView" : false,
    "extensionStatus" : false,
    "fieldLength" : null,
    "fieldMapping" : "Credential Field 1",
    "fieldRegex" : null,
    "fieldRestriction" : "No Restriction",
    "fieldType" : "Credential",
    "fieldValue" : null,
    "formColumnSpan" : 1,
    "formEndRow" : false,
    "formStartRow" : true,
    "hint" : null,
    "intFieldMax" : null,
    "intFieldMin" : null,
    "label" : "Automation Anywere Credential",
    "name" : "credential",
    "noSpaceIfHidden" : false,
    "preserveOutputOnRerun" : false,
    "preserveValueIfHidden" : false,
    "requireIfField" : null,
    "requireIfFieldValue" : null,
    "requireIfVisible" : false,
    "required" : true,
    "sequence" : 2,
    "showIfField" : null,
    "showIfFieldValue" : null,
    "sysId" : "1d3dd305a9cf45418b423e268c2d2031",
    "textType" : "Plain"
  }, {
    "allowVariable" : false,
    "arrayFieldValue" : [ ],
    "arrayNameTitle" : null,
    "arrayValueTitle" : null,
    "booleanNoValue" : null,
    "booleanValueType" : "true/false",
    "booleanYesValue" : null,
    "choiceAllowEmpty" : false,
    "choiceAllowMultiple" : false,
    "choiceDynamic" : true,
    "choiceFields" : [ "Credential Field 1" ],
    "choiceSortOption" : "Sequence",
    "choices" : [ ],
    "defaultListView" : false,
    "extensionStatus" : false,
    "fieldLength" : null,
    "fieldMapping" : "Choice Field 2",
    "fieldRegex" : null,
    "fieldRestriction" : "No Restriction",
    "fieldType" : "Choice",
    "fieldValue" : null,
    "formColumnSpan" : 1,
    "formEndRow" : false,
    "formStartRow" : true,
    "hint" : null,
    "intFieldMax" : null,
    "intFieldMin" : null,
    "label" : "Bots List",
    "name" : "bots_list",
    "noSpaceIfHidden" : false,
    "preserveOutputOnRerun" : false,
    "preserveValueIfHidden" : false,
    "requireIfField" : null,
    "requireIfFieldValue" : null,
    "requireIfVisible" : false,
    "required" : false,
    "sequence" : 3,
    "showIfField" : "Choice Field 3",
    "showIfFieldValue" : "Bot Task",
    "sysId" : "ee8dff4191e2483aa2b1404519746cf8",
    "textType" : "Plain"
  }, {
    "allowVariable" : false,
    "arrayFieldValue" : [ ],
    "arrayNameTitle" : null,
    "arrayValueTitle" : null,
    "booleanNoValue" : null,
    "booleanValueType" : "true/false",
    "booleanYesValue" : null,
    "choiceAllowEmpty" : false,
    "choiceAllowMultiple" : false,
    "choiceDynamic" : false,
    "choiceFields" : [ ],
    "choiceSortOption" : "Sequence",
    "choices" : [ ],
    "defaultListView" : false,
    "extensionStatus" : false,
    "fieldLength" : null,
    "fieldMapping" : "Text Field 1",
    "fieldRegex" : null,
    "fieldRestriction" : "No Restriction",
    "fieldType" : "Text",
    "fieldValue" : null,
    "formColumnSpan" : 1,
    "formEndRow" : false,
    "formStartRow" : false,
    "hint" : null,
    "intFieldMax" : null,
    "intFieldMin" : null,
    "label" : "Process ID",
    "name" : "process_id",
    "noSpaceIfHidden" : false,
    "preserveOutputOnRerun" : false,
    "preserveValueIfHidden" : false,
    "requireIfField" : null,
    "requireIfFieldValue" : null,
    "requireIfVisible" : true,
    "required" : false,
    "sequence" : 4,
    "showIfField" : "Choice Field 3",
    "showIfFieldValue" : "Process",
    "sysId" : "86783469286c490ea51e0330e3941e81",
    "textType" : "Plain"
  } ],
  "logLevel" : "Inherited",
  "minReleaseLevel" : "7.0.0.0",
  "name" : "Automation Anywere Community Edition",
  "outputConditionOperator" : "=",
  "outputConditionStrategy" : "Match Any",
  "outputConditionValue" : null,
  "outputContentType" : null,
  "outputFailureOnly" : false,
  "outputPathExpression" : null,
  "outputReturnFile" : null,
  "outputReturnNline" : "100",
  "outputReturnSline" : "1",
  "outputReturnText" : null,
  "outputReturnType" : "OUTERR",
  "outputType" : "STDOUT",
  "retainSysIds" : true,
  "runtimeDir" : null,
  "script" : null,
  "scriptTypeWindows" : null,
  "scriptUnix" : null,
  "scriptWindows" : null,
  "sendEnvironment" : "Launch",
  "sendVariables" : "None",
  "sysId" : "0e23be2e42854ed39d396b95344996b6",
  "templateType" : "Extension",
  "useCommonScript" : false,
  "variablePrefix" : "aa",
  "waitForOutput" : false
}