{
  "agent" : null,
  "agentCluster" : null,
  "agentClusterVar" : null,
  "agentFieldsRestriction" : "No Restriction",
  "agentType" : "Any",
  "agentVar" : null,
  "alwaysCancelOnFinish" : false,
  "autoCleanup" : false,
  "automaticOutputRetrievalFieldsRestriction" : "No Restriction",
  "broadcastCluster" : null,
  "broadcastClusterVar" : null,
  "commands" : [ ],
  "createConsole" : false,
  "credentialFieldsRestriction" : "No Restriction",
  "credentials" : null,
  "credentialsVar" : null,
  "description" : null,
  "desktopInteract" : false,
  "elevateUser" : false,
  "environment" : [ ],
  "environmentVariablesFieldsRestriction" : "No Restriction",
  "events" : [ ],
  "exitCodeOutput" : null,
  "exitCodeProcessing" : "Success Exitcode Range",
  "exitCodeProcessingFieldsRestriction" : "No Restriction",
  "exitCodeText" : null,
  "exitCodes" : "0",
  "exportReleaseLevel" : "7.8.0.0",
  "extension" : "ue_veeam",
  "fields" : [ {
    "allowVariable" : false,
    "arrayFieldValue" : [ ],
    "arrayNameTitle" : null,
    "arrayValueTitle" : null,
    "booleanNoValue" : null,
    "booleanValueType" : "true/false",
    "booleanYesValue" : null,
    "choiceAllowEmpty" : false,
    "choiceAllowMultiple" : false,
    "choiceDynamic" : false,
    "choiceFields" : [ ],
    "choiceSortOption" : "Sequence",
    "choices" : [ ],
    "defaultListView" : false,
    "extensionStatus" : false,
    "fieldLength" : null,
    "fieldMapping" : "Text Field 1",
    "fieldRegex" : null,
    "fieldRestriction" : "No Restriction",
    "fieldType" : "Text",
    "fieldValue" : "https://localhost:9443",
    "formColumnSpan" : 1,
    "formEndRow" : false,
    "formStartRow" : false,
    "hint" : null,
    "intFieldMax" : null,
    "intFieldMin" : null,
    "label" : "Enterprise Manager URL",
    "name" : "enterprise_manager_url",
    "noSpaceIfHidden" : false,
    "preserveOutputOnRerun" : false,
    "preserveValueIfHidden" : false,
    "requireIfField" : null,
    "requireIfFieldValue" : null,
    "requireIfVisible" : false,
    "required" : true,
    "sequence" : 0,
    "showIfField" : null,
    "showIfFieldValue" : null,
    "sysId" : "169220616e464913a4731aef08824bee",
    "textType" : "Plain"
  }, {
    "allowVariable" : false,
    "arrayFieldValue" : [ ],
    "arrayNameTitle" : null,
    "arrayValueTitle" : null,
    "booleanNoValue" : null,
    "booleanValueType" : "true/false",
    "booleanYesValue" : null,
    "choiceAllowEmpty" : false,
    "choiceAllowMultiple" : false,
    "choiceDynamic" : false,
    "choiceFields" : [ ],
    "choiceSortOption" : "Sequence",
    "choices" : [ {
      "fieldValue" : "Start Job",
      "fieldValueLabel" : "Start Job",
      "sequence" : 0,
      "sysId" : "e00078aad36245ae8f1dd073e6b59a7d",
      "useFieldValueForLabel" : false
    } ],
    "defaultListView" : false,
    "extensionStatus" : false,
    "fieldLength" : null,
    "fieldMapping" : "Choice Field 2",
    "fieldRegex" : null,
    "fieldRestriction" : "No Restriction",
    "fieldType" : "Choice",
    "fieldValue" : null,
    "formColumnSpan" : 1,
    "formEndRow" : false,
    "formStartRow" : true,
    "hint" : null,
    "intFieldMax" : null,
    "intFieldMin" : null,
    "label" : "Function",
    "name" : "function",
    "noSpaceIfHidden" : false,
    "preserveOutputOnRerun" : false,
    "preserveValueIfHidden" : false,
    "requireIfField" : null,
    "requireIfFieldValue" : null,
    "requireIfVisible" : false,
    "required" : false,
    "sequence" : 1,
    "showIfField" : null,
    "showIfFieldValue" : null,
    "sysId" : "a45a576008a746958a7897f76f304380",
    "textType" : "Plain"
  }, {
    "allowVariable" : false,
    "arrayFieldValue" : [ ],
    "arrayNameTitle" : null,
    "arrayValueTitle" : null,
    "booleanNoValue" : null,
    "booleanValueType" : "true/false",
    "booleanYesValue" : null,
    "choiceAllowEmpty" : false,
    "choiceAllowMultiple" : false,
    "choiceDynamic" : true,
    "choiceFields" : [ "Text Field 1" ],
    "choiceSortOption" : "Sequence",
    "choices" : [ ],
    "defaultListView" : false,
    "extensionStatus" : false,
    "fieldLength" : null,
    "fieldMapping" : "Choice Field 1",
    "fieldRegex" : null,
    "fieldRestriction" : "No Restriction",
    "fieldType" : "Choice",
    "fieldValue" : null,
    "formColumnSpan" : 1,
    "formEndRow" : false,
    "formStartRow" : true,
    "hint" : null,
    "intFieldMax" : null,
    "intFieldMin" : null,
    "label" : "Jobs List",
    "name" : "job_list",
    "noSpaceIfHidden" : false,
    "preserveOutputOnRerun" : false,
    "preserveValueIfHidden" : false,
    "requireIfField" : null,
    "requireIfFieldValue" : null,
    "requireIfVisible" : false,
    "required" : false,
    "sequence" : 2,
    "showIfField" : null,
    "showIfFieldValue" : null,
    "sysId" : "c61f017b06d04b1f99540bc13ab45441",
    "textType" : "Plain"
  } ],
  "logLevel" : "Inherited",
  "minReleaseLevel" : "7.0.0.0",
  "name" : "Veeam Backup Extension",
  "outputConditionOperator" : "=",
  "outputConditionStrategy" : "Match Any",
  "outputConditionValue" : null,
  "outputContentType" : null,
  "outputFailureOnly" : false,
  "outputPathExpression" : null,
  "outputReturnFile" : null,
  "outputReturnNline" : "100",
  "outputReturnSline" : "1",
  "outputReturnText" : null,
  "outputReturnType" : "OUTERR",
  "outputType" : "STDOUT",
  "retainSysIds" : true,
  "runtimeDir" : null,
  "script" : null,
  "scriptTypeWindows" : null,
  "scriptUnix" : null,
  "scriptWindows" : null,
  "sendEnvironment" : "Launch",
  "sendVariables" : "None",
  "sysId" : "8092355df56942838131e8711f02317c",
  "templateType" : "Extension",
  "useCommonScript" : false,
  "variablePrefix" : "veeam",
  "waitForOutput" : false
}