{
  "agent" : null,
  "agentCluster" : null,
  "agentClusterVar" : null,
  "agentFieldsRestriction" : "No Restriction",
  "agentType" : "Any",
  "agentVar" : null,
  "alwaysCancelOnFinish" : false,
  "autoCleanup" : false,
  "automaticOutputRetrievalFieldsRestriction" : "No Restriction",
  "broadcastCluster" : null,
  "broadcastClusterVar" : null,
  "commands" : [ ],
  "createConsole" : false,
  "credentialFieldsRestriction" : "No Restriction",
  "credentials" : null,
  "credentialsVar" : null,
  "description" : null,
  "desktopInteract" : false,
  "elevateUser" : false,
  "environment" : [ ],
  "environmentVariablesFieldsRestriction" : "No Restriction",
  "events" : [ ],
  "exitCodeOutput" : null,
  "exitCodeProcessing" : "Success Exitcode Range",
  "exitCodeProcessingFieldsRestriction" : "No Restriction",
  "exitCodeText" : null,
  "exitCodes" : "0",
  "exportReleaseLevel" : "7.8.0.0",
  "extension" : "ue-kubectlen",
  "fields" : [ {
    "allowVariable" : false,
    "arrayFieldValue" : [ ],
    "arrayNameTitle" : null,
    "arrayValueTitle" : null,
    "booleanNoValue" : null,
    "booleanValueType" : "true/false",
    "booleanYesValue" : null,
    "choiceAllowEmpty" : false,
    "choiceAllowMultiple" : false,
    "choiceDynamic" : false,
    "choiceFields" : [ ],
    "choiceSortOption" : "Sequence",
    "choices" : [ ],
    "defaultListView" : false,
    "extensionStatus" : false,
    "fieldLength" : null,
    "fieldMapping" : "Text Field 2",
    "fieldRegex" : null,
    "fieldRestriction" : "No Restriction",
    "fieldType" : "Text",
    "fieldValue" : null,
    "formColumnSpan" : 1,
    "formEndRow" : false,
    "formStartRow" : false,
    "hint" : null,
    "intFieldMax" : null,
    "intFieldMin" : null,
    "label" : "Job Name",
    "name" : "jobname",
    "noSpaceIfHidden" : false,
    "preserveOutputOnRerun" : false,
    "preserveValueIfHidden" : false,
    "requireIfField" : null,
    "requireIfFieldValue" : null,
    "requireIfVisible" : false,
    "required" : true,
    "sequence" : 0,
    "showIfField" : null,
    "showIfFieldValue" : null,
    "sysId" : "e14c2efd22044ac1a165a4631e6b21b4",
    "textType" : "Plain"
  }, {
    "allowVariable" : false,
    "arrayFieldValue" : [ ],
    "arrayNameTitle" : null,
    "arrayValueTitle" : null,
    "booleanNoValue" : null,
    "booleanValueType" : "true/false",
    "booleanYesValue" : null,
    "choiceAllowEmpty" : false,
    "choiceAllowMultiple" : false,
    "choiceDynamic" : false,
    "choiceFields" : [ ],
    "choiceSortOption" : "Sequence",
    "choices" : [ ],
    "defaultListView" : false,
    "extensionStatus" : false,
    "fieldLength" : null,
    "fieldMapping" : "Text Field 1",
    "fieldRegex" : null,
    "fieldRestriction" : "No Restriction",
    "fieldType" : "Text",
    "fieldValue" : null,
    "formColumnSpan" : 1,
    "formEndRow" : false,
    "formStartRow" : false,
    "hint" : null,
    "intFieldMax" : null,
    "intFieldMin" : null,
    "label" : "Namespace",
    "name" : "namespace",
    "noSpaceIfHidden" : false,
    "preserveOutputOnRerun" : false,
    "preserveValueIfHidden" : false,
    "requireIfField" : null,
    "requireIfFieldValue" : null,
    "requireIfVisible" : false,
    "required" : true,
    "sequence" : 1,
    "showIfField" : null,
    "showIfFieldValue" : null,
    "sysId" : "1200563ffb3c49a5bcef2285f7603a1a",
    "textType" : "Plain"
  }, {
    "allowVariable" : false,
    "arrayFieldValue" : [ ],
    "arrayNameTitle" : null,
    "arrayValueTitle" : null,
    "booleanNoValue" : null,
    "booleanValueType" : "true/false",
    "booleanYesValue" : null,
    "choiceAllowEmpty" : false,
    "choiceAllowMultiple" : false,
    "choiceDynamic" : false,
    "choiceFields" : [ ],
    "choiceSortOption" : "Sequence",
    "choices" : [ ],
    "defaultListView" : false,
    "extensionStatus" : false,
    "fieldLength" : null,
    "fieldMapping" : "Script Field 1",
    "fieldRegex" : null,
    "fieldRestriction" : "No Restriction",
    "fieldType" : "Script",
    "fieldValue" : null,
    "formColumnSpan" : 1,
    "formEndRow" : false,
    "formStartRow" : false,
    "hint" : null,
    "intFieldMax" : null,
    "intFieldMin" : null,
    "label" : "Yaml File",
    "name" : "yaml_file",
    "noSpaceIfHidden" : false,
    "preserveOutputOnRerun" : false,
    "preserveValueIfHidden" : false,
    "requireIfField" : null,
    "requireIfFieldValue" : null,
    "requireIfVisible" : false,
    "required" : true,
    "sequence" : 2,
    "showIfField" : null,
    "showIfFieldValue" : null,
    "sysId" : "09d5fc5754704cfd8f3bbc3fb6fcd156",
    "textType" : "Plain"
  }, {
    "allowVariable" : false,
    "arrayFieldValue" : [ ],
    "arrayNameTitle" : null,
    "arrayValueTitle" : null,
    "booleanNoValue" : null,
    "booleanValueType" : "true/false",
    "booleanYesValue" : null,
    "choiceAllowEmpty" : false,
    "choiceAllowMultiple" : false,
    "choiceDynamic" : false,
    "choiceFields" : [ ],
    "choiceSortOption" : "Sequence",
    "choices" : [ ],
    "defaultListView" : false,
    "extensionStatus" : false,
    "fieldLength" : null,
    "fieldMapping" : "Boolean Field 3",
    "fieldRegex" : null,
    "fieldRestriction" : "No Restriction",
    "fieldType" : "Boolean",
    "fieldValue" : "false",
    "formColumnSpan" : 1,
    "formEndRow" : false,
    "formStartRow" : false,
    "hint" : null,
    "intFieldMax" : null,
    "intFieldMin" : null,
    "label" : "Monitor Job",
    "name" : "monitor_job",
    "noSpaceIfHidden" : false,
    "preserveOutputOnRerun" : false,
    "preserveValueIfHidden" : false,
    "requireIfField" : null,
    "requireIfFieldValue" : null,
    "requireIfVisible" : false,
    "required" : false,
    "sequence" : 3,
    "showIfField" : null,
    "showIfFieldValue" : null,
    "sysId" : "26fb4f69ee5f4663a363746fa793faf6",
    "textType" : "Plain"
  }, {
    "allowVariable" : false,
    "arrayFieldValue" : [ ],
    "arrayNameTitle" : null,
    "arrayValueTitle" : null,
    "booleanNoValue" : null,
    "booleanValueType" : "true/false",
    "booleanYesValue" : null,
    "choiceAllowEmpty" : false,
    "choiceAllowMultiple" : false,
    "choiceDynamic" : false,
    "choiceFields" : [ ],
    "choiceSortOption" : "Sequence",
    "choices" : [ ],
    "defaultListView" : false,
    "extensionStatus" : false,
    "fieldLength" : null,
    "fieldMapping" : "Boolean Field 1",
    "fieldRegex" : null,
    "fieldRestriction" : "No Restriction",
    "fieldType" : "Boolean",
    "fieldValue" : "false",
    "formColumnSpan" : 1,
    "formEndRow" : false,
    "formStartRow" : false,
    "hint" : null,
    "intFieldMax" : null,
    "intFieldMin" : null,
    "label" : "Fetch Logs",
    "name" : "fetch_log",
    "noSpaceIfHidden" : false,
    "preserveOutputOnRerun" : false,
    "preserveValueIfHidden" : false,
    "requireIfField" : null,
    "requireIfFieldValue" : null,
    "requireIfVisible" : false,
    "required" : false,
    "sequence" : 4,
    "showIfField" : null,
    "showIfFieldValue" : null,
    "sysId" : "0f3b530a17124287843d502a9d04854c",
    "textType" : "Plain"
  }, {
    "allowVariable" : false,
    "arrayFieldValue" : [ ],
    "arrayNameTitle" : null,
    "arrayValueTitle" : null,
    "booleanNoValue" : null,
    "booleanValueType" : "true/false",
    "booleanYesValue" : null,
    "choiceAllowEmpty" : false,
    "choiceAllowMultiple" : false,
    "choiceDynamic" : false,
    "choiceFields" : [ ],
    "choiceSortOption" : "Sequence",
    "choices" : [ ],
    "defaultListView" : false,
    "extensionStatus" : false,
    "fieldLength" : null,
    "fieldMapping" : "Boolean Field 2",
    "fieldRegex" : null,
    "fieldRestriction" : "No Restriction",
    "fieldType" : "Boolean",
    "fieldValue" : "false",
    "formColumnSpan" : 1,
    "formEndRow" : false,
    "formStartRow" : false,
    "hint" : null,
    "intFieldMax" : null,
    "intFieldMin" : null,
    "label" : "Delete Job before Execute",
    "name" : "delete_job",
    "noSpaceIfHidden" : false,
    "preserveOutputOnRerun" : false,
    "preserveValueIfHidden" : false,
    "requireIfField" : null,
    "requireIfFieldValue" : null,
    "requireIfVisible" : false,
    "required" : false,
    "sequence" : 5,
    "showIfField" : null,
    "showIfFieldValue" : null,
    "sysId" : "d467eb7021e84408b64a48a00d257fbf",
    "textType" : "Plain"
  } ],
  "logLevel" : "Inherited",
  "minReleaseLevel" : "7.0.0.0",
  "name" : "Kubernetes Job Kubectl Enchance",
  "outputConditionOperator" : "=",
  "outputConditionStrategy" : "Match Any",
  "outputConditionValue" : null,
  "outputContentType" : null,
  "outputFailureOnly" : false,
  "outputPathExpression" : null,
  "outputReturnFile" : null,
  "outputReturnNline" : "100",
  "outputReturnSline" : "1",
  "outputReturnText" : null,
  "outputReturnType" : "OUTERR",
  "outputType" : "STDOUT",
  "retainSysIds" : true,
  "runtimeDir" : null,
  "script" : null,
  "scriptTypeWindows" : null,
  "scriptUnix" : null,
  "scriptWindows" : null,
  "sendEnvironment" : "Launch",
  "sendVariables" : "None",
  "sysId" : "778387f4c6fb4b0d996f01d72ab1dd33",
  "templateType" : "Extension",
  "useCommonScript" : false,
  "variablePrefix" : "kubectl_eh",
  "waitForOutput" : false
}