{
  "agent" : null,
  "agentCluster" : null,
  "agentClusterVar" : null,
  "agentFieldsRestriction" : "No Restriction",
  "agentType" : "Any",
  "agentVar" : null,
  "alwaysCancelOnFinish" : false,
  "autoCleanup" : false,
  "automaticOutputRetrievalFieldsRestriction" : "No Restriction",
  "broadcastCluster" : null,
  "broadcastClusterVar" : null,
  "commands" : [ ],
  "createConsole" : false,
  "credentialFieldsRestriction" : "No Restriction",
  "credentials" : null,
  "credentialsVar" : null,
  "description" : null,
  "desktopInteract" : false,
  "elevateUser" : false,
  "environment" : [ ],
  "environmentVariablesFieldsRestriction" : "No Restriction",
  "events" : [ ],
  "exitCodeOutput" : null,
  "exitCodeProcessing" : "Success Exitcode Range",
  "exitCodeProcessingFieldsRestriction" : "No Restriction",
  "exitCodeText" : null,
  "exitCodes" : "0",
  "exportReleaseLevel" : "7.5.0.0",
  "extension" : "OtelDemo",
  "fields" : [ {
    "arrayFieldValue" : [ ],
    "arrayNameTitle" : null,
    "arrayValueTitle" : null,
    "booleanNoValue" : null,
    "booleanValueType" : "true/false",
    "booleanYesValue" : null,
    "choiceAllowEmpty" : false,
    "choiceAllowMultiple" : false,
    "choiceDynamic" : false,
    "choiceFields" : [ ],
    "choiceSortOption" : "Sequence",
    "choices" : [ ],
    "defaultListView" : false,
    "extensionStatus" : false,
    "fieldLength" : null,
    "fieldMapping" : "Text Field 1",
    "fieldRestriction" : "No Restriction",
    "fieldType" : "Text",
    "fieldValue" : null,
    "formColumnSpan" : 1,
    "formEndRow" : false,
    "formStartRow" : false,
    "hint" : "The folder containing the files to transfer",
    "intFieldMax" : null,
    "intFieldMin" : null,
    "label" : "Source Folder",
    "name" : "src_folder",
    "noSpaceIfHidden" : false,
    "preserveOutputOnRerun" : false,
    "preserveValueIfHidden" : false,
    "requireIfField" : null,
    "requireIfFieldValue" : null,
    "requireIfVisible" : false,
    "required" : true,
    "sequence" : 1,
    "showIfField" : null,
    "showIfFieldValue" : null,
    "sysId" : "866c462afca54069a355e8c48d33717d",
    "textType" : "Plain"
  }, {
    "arrayFieldValue" : [ ],
    "arrayNameTitle" : null,
    "arrayValueTitle" : null,
    "booleanNoValue" : null,
    "booleanValueType" : "true/false",
    "booleanYesValue" : null,
    "choiceAllowEmpty" : false,
    "choiceAllowMultiple" : false,
    "choiceDynamic" : false,
    "choiceFields" : [ ],
    "choiceSortOption" : "Sequence",
    "choices" : [ ],
    "defaultListView" : false,
    "extensionStatus" : false,
    "fieldLength" : null,
    "fieldMapping" : "Text Field 2",
    "fieldRestriction" : "No Restriction",
    "fieldType" : "Text",
    "fieldValue" : null,
    "formColumnSpan" : 1,
    "formEndRow" : false,
    "formStartRow" : false,
    "hint" : "The folder to transfer the files to",
    "intFieldMax" : null,
    "intFieldMin" : null,
    "label" : "Destination Folder",
    "name" : "dst_folder",
    "noSpaceIfHidden" : false,
    "preserveOutputOnRerun" : false,
    "preserveValueIfHidden" : false,
    "requireIfField" : null,
    "requireIfFieldValue" : null,
    "requireIfVisible" : false,
    "required" : true,
    "sequence" : 2,
    "showIfField" : null,
    "showIfFieldValue" : null,
    "sysId" : "d950a7a2beaf413bbd01b26f6c78ccc7",
    "textType" : "Plain"
  }, {
    "arrayFieldValue" : [ ],
    "arrayNameTitle" : null,
    "arrayValueTitle" : null,
    "booleanNoValue" : null,
    "booleanValueType" : "true/false",
    "booleanYesValue" : null,
    "choiceAllowEmpty" : false,
    "choiceAllowMultiple" : true,
    "choiceDynamic" : false,
    "choiceFields" : [ ],
    "choiceSortOption" : "Sequence",
    "choices" : [ {
      "fieldValue" : "txt",
      "sequence" : 0,
      "sysId" : "f39f61dd4f494f7a8f5af1fc37f78442",
      "useFieldValueForLabel" : true
    }, {
      "fieldValue" : "csv",
      "sequence" : 1,
      "sysId" : "3153f5e582484eecb702db9d2d65a2bb",
      "useFieldValueForLabel" : true
    }, {
      "fieldValue" : "zip",
      "sequence" : 2,
      "sysId" : "e31d64936faf47019330378be5c096aa",
      "useFieldValueForLabel" : true
    }, {
      "fieldValue" : "json",
      "sequence" : 3,
      "sysId" : "025b41b8e4ac4a3e912b4c1c52a5debd",
      "useFieldValueForLabel" : true
    } ],
    "defaultListView" : false,
    "extensionStatus" : false,
    "fieldLength" : null,
    "fieldMapping" : "Choice Field 2",
    "fieldRestriction" : "No Restriction",
    "fieldType" : "Choice",
    "fieldValue" : null,
    "formColumnSpan" : 1,
    "formEndRow" : false,
    "formStartRow" : false,
    "hint" : "The type of files to transfer from source to destination",
    "intFieldMax" : null,
    "intFieldMin" : null,
    "label" : "File Type",
    "name" : "file_type",
    "noSpaceIfHidden" : false,
    "preserveOutputOnRerun" : false,
    "preserveValueIfHidden" : false,
    "requireIfField" : null,
    "requireIfFieldValue" : null,
    "requireIfVisible" : false,
    "required" : false,
    "sequence" : 3,
    "showIfField" : null,
    "showIfFieldValue" : null,
    "sysId" : "6f46f72716384672a55ec9b720ee1bd5",
    "textType" : "Plain"
  } ],
  "logLevel" : "Inherited",
  "minReleaseLevel" : "7.0.0.0",
  "name" : "OtelDemo",
  "outputConditionOperator" : "=",
  "outputConditionStrategy" : "Match Any",
  "outputConditionValue" : null,
  "outputContentType" : null,
  "outputFailureOnly" : false,
  "outputPathExpression" : null,
  "outputReturnFile" : null,
  "outputReturnNline" : "100",
  "outputReturnSline" : "1",
  "outputReturnText" : null,
  "outputReturnType" : "OUTERR",
  "outputType" : "STDOUT",
  "retainSysIds" : true,
  "runtimeDir" : null,
  "script" : null,
  "scriptTypeWindows" : null,
  "scriptUnix" : null,
  "scriptWindows" : null,
  "sendVariables" : "None",
  "sysId" : "737da512824a470aa3478b4070da6532",
  "templateType" : "Extension",
  "useCommonScript" : false,
  "variablePrefix" : "ext",
  "waitForOutput" : false
}