{
  "agent" : null,
  "agentCluster" : null,
  "agentClusterVar" : null,
  "agentFieldsRestriction" : "No Restriction",
  "agentType" : "Any",
  "agentVar" : null,
  "alwaysCancelOnFinish" : false,
  "autoCleanup" : false,
  "automaticOutputRetrievalFieldsRestriction" : "No Restriction",
  "broadcastCluster" : null,
  "broadcastClusterVar" : null,
  "commands" : [ ],
  "createConsole" : false,
  "credentialFieldsRestriction" : "No Restriction",
  "credentials" : null,
  "credentialsVar" : null,
  "description" : "Start kube job Via API",
  "desktopInteract" : false,
  "elevateUser" : false,
  "environment" : [ ],
  "environmentVariablesFieldsRestriction" : "No Restriction",
  "events" : [ ],
  "exitCodeOutput" : null,
  "exitCodeProcessing" : "Success Exitcode Range",
  "exitCodeProcessingFieldsRestriction" : "No Restriction",
  "exitCodeText" : null,
  "exitCodes" : "0",
  "exportReleaseLevel" : "7.8.0.0",
  "extension" : "ue-kubeapi",
  "fields" : [ {
    "allowVariable" : false,
    "arrayFieldValue" : [ ],
    "arrayNameTitle" : null,
    "arrayValueTitle" : null,
    "booleanNoValue" : null,
    "booleanValueType" : "true/false",
    "booleanYesValue" : null,
    "choiceAllowEmpty" : false,
    "choiceAllowMultiple" : false,
    "choiceDynamic" : false,
    "choiceFields" : [ ],
    "choiceSortOption" : "Sequence",
    "choices" : [ ],
    "defaultListView" : false,
    "extensionStatus" : false,
    "fieldLength" : null,
    "fieldMapping" : "Text Field 1",
    "fieldRegex" : null,
    "fieldRestriction" : "No Restriction",
    "fieldType" : "Text",
    "fieldValue" : null,
    "formColumnSpan" : 1,
    "formEndRow" : false,
    "formStartRow" : false,
    "hint" : null,
    "intFieldMax" : null,
    "intFieldMin" : null,
    "label" : "File Config",
    "name" : "config",
    "noSpaceIfHidden" : false,
    "preserveOutputOnRerun" : false,
    "preserveValueIfHidden" : false,
    "requireIfField" : null,
    "requireIfFieldValue" : null,
    "requireIfVisible" : false,
    "required" : true,
    "sequence" : 0,
    "showIfField" : null,
    "showIfFieldValue" : null,
    "sysId" : "c903f611a3594388a03396e80bcbe549",
    "textType" : "Plain"
  }, {
    "allowVariable" : false,
    "arrayFieldValue" : [ ],
    "arrayNameTitle" : null,
    "arrayValueTitle" : null,
    "booleanNoValue" : null,
    "booleanValueType" : "true/false",
    "booleanYesValue" : null,
    "choiceAllowEmpty" : false,
    "choiceAllowMultiple" : false,
    "choiceDynamic" : false,
    "choiceFields" : [ ],
    "choiceSortOption" : "Sequence",
    "choices" : [ ],
    "defaultListView" : false,
    "extensionStatus" : false,
    "fieldLength" : null,
    "fieldMapping" : "Text Field 3",
    "fieldRegex" : null,
    "fieldRestriction" : "No Restriction",
    "fieldType" : "Text",
    "fieldValue" : null,
    "formColumnSpan" : 1,
    "formEndRow" : false,
    "formStartRow" : false,
    "hint" : null,
    "intFieldMax" : null,
    "intFieldMin" : null,
    "label" : "Namespace",
    "name" : "namespace",
    "noSpaceIfHidden" : false,
    "preserveOutputOnRerun" : false,
    "preserveValueIfHidden" : false,
    "requireIfField" : null,
    "requireIfFieldValue" : null,
    "requireIfVisible" : false,
    "required" : true,
    "sequence" : 1,
    "showIfField" : null,
    "showIfFieldValue" : null,
    "sysId" : "fc16f99462264aa8b08ec20c871bbc41",
    "textType" : "Plain"
  }, {
    "allowVariable" : false,
    "arrayFieldValue" : [ ],
    "arrayNameTitle" : null,
    "arrayValueTitle" : null,
    "booleanNoValue" : null,
    "booleanValueType" : "true/false",
    "booleanYesValue" : null,
    "choiceAllowEmpty" : false,
    "choiceAllowMultiple" : false,
    "choiceDynamic" : false,
    "choiceFields" : [ ],
    "choiceSortOption" : "Sequence",
    "choices" : [ ],
    "defaultListView" : false,
    "extensionStatus" : false,
    "fieldLength" : null,
    "fieldMapping" : "Script Field 1",
    "fieldRegex" : null,
    "fieldRestriction" : "No Restriction",
    "fieldType" : "Script",
    "fieldValue" : null,
    "formColumnSpan" : 1,
    "formEndRow" : false,
    "formStartRow" : false,
    "hint" : null,
    "intFieldMax" : null,
    "intFieldMin" : null,
    "label" : "File Yaml",
    "name" : "yaml",
    "noSpaceIfHidden" : false,
    "preserveOutputOnRerun" : false,
    "preserveValueIfHidden" : false,
    "requireIfField" : null,
    "requireIfFieldValue" : null,
    "requireIfVisible" : false,
    "required" : true,
    "sequence" : 2,
    "showIfField" : null,
    "showIfFieldValue" : null,
    "sysId" : "2298c186dc454dd6878b5c2887307c6f",
    "textType" : "Plain"
  }, {
    "allowVariable" : false,
    "arrayFieldValue" : [ ],
    "arrayNameTitle" : null,
    "arrayValueTitle" : null,
    "booleanNoValue" : null,
    "booleanValueType" : "true/false",
    "booleanYesValue" : null,
    "choiceAllowEmpty" : false,
    "choiceAllowMultiple" : false,
    "choiceDynamic" : false,
    "choiceFields" : [ ],
    "choiceSortOption" : "Sequence",
    "choices" : [ ],
    "defaultListView" : false,
    "extensionStatus" : false,
    "fieldLength" : null,
    "fieldMapping" : "Boolean Field 1",
    "fieldRegex" : null,
    "fieldRestriction" : "No Restriction",
    "fieldType" : "Boolean",
    "fieldValue" : "false",
    "formColumnSpan" : 1,
    "formEndRow" : false,
    "formStartRow" : true,
    "hint" : null,
    "intFieldMax" : null,
    "intFieldMin" : null,
    "label" : "Fetch Logs",
    "name" : "fetch_log",
    "noSpaceIfHidden" : false,
    "preserveOutputOnRerun" : false,
    "preserveValueIfHidden" : false,
    "requireIfField" : null,
    "requireIfFieldValue" : null,
    "requireIfVisible" : false,
    "required" : false,
    "sequence" : 3,
    "showIfField" : null,
    "showIfFieldValue" : null,
    "sysId" : "c24e4c344bb141df88469d1ee0ac7d08",
    "textType" : "Plain"
  }, {
    "allowVariable" : false,
    "arrayFieldValue" : [ ],
    "arrayNameTitle" : null,
    "arrayValueTitle" : null,
    "booleanNoValue" : null,
    "booleanValueType" : "true/false",
    "booleanYesValue" : null,
    "choiceAllowEmpty" : false,
    "choiceAllowMultiple" : false,
    "choiceDynamic" : false,
    "choiceFields" : [ ],
    "choiceSortOption" : "Sequence",
    "choices" : [ ],
    "defaultListView" : false,
    "extensionStatus" : false,
    "fieldLength" : null,
    "fieldMapping" : "Boolean Field 2",
    "fieldRegex" : null,
    "fieldRestriction" : "No Restriction",
    "fieldType" : "Boolean",
    "fieldValue" : "true",
    "formColumnSpan" : 1,
    "formEndRow" : false,
    "formStartRow" : false,
    "hint" : null,
    "intFieldMax" : null,
    "intFieldMin" : null,
    "label" : "Delete Job before Execute",
    "name" : "delete_job",
    "noSpaceIfHidden" : false,
    "preserveOutputOnRerun" : false,
    "preserveValueIfHidden" : false,
    "requireIfField" : null,
    "requireIfFieldValue" : null,
    "requireIfVisible" : false,
    "required" : false,
    "sequence" : 4,
    "showIfField" : null,
    "showIfFieldValue" : null,
    "sysId" : "47251a52333142ef9191f7d9ee55ec4f",
    "textType" : "Plain"
  } ],
  "logLevel" : "Inherited",
  "minReleaseLevel" : "7.0.0.0",
  "name" : "Kubernetes Job -API",
  "outputConditionOperator" : "=",
  "outputConditionStrategy" : "Match Any",
  "outputConditionValue" : null,
  "outputContentType" : null,
  "outputFailureOnly" : false,
  "outputPathExpression" : null,
  "outputReturnFile" : null,
  "outputReturnNline" : "100",
  "outputReturnSline" : "1",
  "outputReturnText" : null,
  "outputReturnType" : "OUTERR",
  "outputType" : "STDOUT",
  "retainSysIds" : true,
  "runtimeDir" : null,
  "script" : null,
  "scriptTypeWindows" : null,
  "scriptUnix" : null,
  "scriptWindows" : null,
  "sendEnvironment" : "Launch",
  "sendVariables" : "None",
  "sysId" : "10a2119544c24738af5c381be4c9aef6",
  "templateType" : "Extension",
  "useCommonScript" : false,
  "variablePrefix" : "kube_api",
  "waitForOutput" : false
}